CREATE DATABASE ELUX_LOGISTICS;

CREATE TABLE Drivers (
	driver_id SERIAL PRIMARY KEY,
	name VARCHAR(50),
	region VARCHAR(50),
	phone VARCHAR(20)
);

CREATE TABLE Vehicles (
	vehicle_id SERIAL PRIMARY KEY,
	type VARCHAR(50),
	capacity_kg INT,
	status	VARCHAR(20)
);

CREATE TABLE Shipments (
	shipment_id SERIAL PRIMARY KEY,
	shipment_date DATE,
	region VARCHAR(20),
	status VARCHAR(20),
	weight_kg INT
);

CREATE TABLE Routes (
	route_id SERIAL PRIMARY KEY,
	start_location VARCHAR(50),
	end_location VARCHAR(50),
	distance_km INT
);

CREATE TABLE Deliveries (
	delivery_id SERIAL PRIMARY KEY,
	shipment_id INT REFERENCES Shipments(shipment_id),
	driver_id INT REFERENCES Drivers(driver_id),
	vehicle_id INT REFERENCES Vehicles(vehicle_id),
	route_id INT REFERENCES Routes(route_id),
	delivery_date DATE,
	delivery_status VARCHAR(20)
);

INSERT INTO Drivers(name, region, phone) VALUES 
('Segun Olaleye', 'Lagos', '08012345678'),
('Ada Eze', 'Abuja', '08098765432'),
('Usman Bello', 'Kano', '08055556666'),
('Tunde Adebayo', 'Lagos', '08022223333'),
('Chioma Okoro', 'Port Harcourt', '08044445555'),
('Aisha Musa', 'Ibadan', '08033332222'),
('Emeka Obi', 'Enugu', '08077778888'),
('Yakubu Sule', 'Kaduna', '08066667777'),
('Blessing John', 'Benin', '08055554444'),
('Dayo Ade', 'Lagos', '08099990000');

INSERT INTO Vehicles (type, capacity_kg, status) VALUES
('Van', 1000, 'Active'),
('Truck', 5000, 'Active'),
('Truck', 5000, 'Active'),
('Truck', 5000, 'Active'),
('Truck', 7000, 'Active'),
('Van', 1500, 'Under Maintenance'),
('Truck', 6000, 'Active'),
('Van', 1300, 'Active'),
('Truck', 5000, 'Active'),
('Truck', 8000, 'Active');

INSERT INTO Routes (start_location, end_location, distance_km) VALUES
('Lagos', 'Abuja', 760),
('Lagos', 'Ibadan', 130),
('Abuja', 'Kano', 430),
('Port Harcourt', 'Enugu', 300),
('Benin', 'Lagos', 320),
('Kaduna', 'Abuja', 200),
('Ibadan', 'Benin', 290),
('Enugu', 'Lagos', 550),
('Kano', 'Kaduna', 230),
('Lagos', 'Port Harcourt', 615);

INSERT INTO Shipments (shipment_date, region, status, weight_kg) VALUES
('2023-05-01', 'Lagos', 'Delivered', 500),
('2023-05-02', 'Abuja', 'Delivered', 700),
('2023-05-03', 'Kano', 'Pending', 300),
('2023-05-04', 'Ibadan', 'Delivered', 450),
('2023-05-05', 'Enugu', 'Delivered', 600),
('2023-05-06', 'Kaduna', 'Pending', 750),
('2023-05-07', 'Benin', 'Delivered', 500),
('2023-05-08', 'Lagos', 'Delivered', 650),
('2023-05-09', 'Port Harcourt', 'Pending', 800),
('2023-05-10', 'Abuja', 'Delivered', 700),
('2023-05-11', 'Kano', 'Delivered', 550),
('2023-05-12', 'Ibadan', 'Delivered', 600),
('2023-05-13', 'Enugu', 'Pending', 400),
('2023-05-14', 'Kaduna', 'Delivered', 720),
('2023-05-15', 'Benin', 'Delivered', 680),
('2023-05-16', 'Lagos', 'Pending', 500),
('2023-05-17', 'Abuja', 'Delivered', 850),
('2023-05-18', 'Kano', 'Delivered', 900),
('2023-05-19', 'Ibadan', 'Delivered', 520),
('2023-05-20', 'Enugu', 'Delivered', 640),
('2023-05-21', 'Abuja', 'Delivered', 550),
('2023-05-22', 'Kano', 'Delivered', 600),
('2023-05-23', 'Ibadan', 'Pending', 700),
('2023-05-24', 'Enugu', 'Delivered', 500),
('2023-05-25', 'Kaduna', 'Delivered', 620),
('2023-05-26', 'Benin', 'Delivered', 480),
('2023-05-27', 'Lagos', 'Delivered', 750),
('2023-05-28', 'Port Harcourt', 'Pending', 560),
('2023-05-29', 'Abuja', 'Delivered', 800),
('2023-05-30', 'Kano', 'Delivered', 670),
('2023-05-31', 'Ibadan', 'Delivered', 590),
('2023-06-01', 'Enugu', 'Delivered', 710),
('2023-06-02', 'Kaduna', 'Pending', 650),
('2023-06-03', 'Benin', 'Delivered', 490),
('2023-06-04', 'Lagos', 'Delivered', 720),
('2023-06-05', 'Port Harcourt', 'Delivered', 580),
('2023-06-06', 'Abuja', 'Pending', 530),
('2023-06-07', 'Kano', 'Delivered', 640),
('2023-06-08', 'Ibadan', 'Delivered', 750),
('2023-06-09', 'Enugu', 'Delivered', 670),
('2023-06-10', 'Kaduna', 'Delivered', 600),
('2023-06-11', 'Benin', 'Delivered', 500),
('2023-06-12', 'Lagos', 'Pending', 720),
('2023-06-13', 'Port Harcourt', 'Delivered', 580),
('2023-06-14', 'Abuja', 'Delivered', 810),
('2023-06-15', 'Kano', 'Pending', 690),
('2023-06-16', 'Ibadan', 'Delivered', 710),
('2023-06-17', 'Enugu', 'Delivered', 650),
('2023-06-18', 'Kaduna', 'Delivered', 570),
('2023-06-19', 'Benin', 'Delivered', 620),
('2023-06-20', 'Lagos', 'Delivered', 550),
('2023-06-21', 'Abuja', 'Delivered', 670),
('2023-06-22', 'Kano', 'Pending', 600),
('2023-06-23', 'Ibadan', 'Delivered', 750),
('2023-06-24', 'Enugu', 'Delivered', 480),
('2023-06-25', 'Kaduna', 'Delivered', 710),
('2023-06-26', 'Benin', 'Pending', 640),
('2023-06-27', 'Port Harcourt', 'Delivered', 700),
('2023-06-28', 'Abuja', 'Delivered', 620),
('2023-06-29', 'Kano', 'Delivered', 590),
('2023-06-30', 'Ibadan', 'Pending', 670),
('2023-07-01', 'Enugu', 'Delivered', 730),
('2023-07-02', 'Kaduna', 'Delivered', 510),
('2023-07-03', 'Benin', 'Delivered', 550),
('2023-07-04', 'Lagos', 'Delivered', 680),
('2023-07-05', 'Port Harcourt', 'Delivered', 590),
('2023-07-06', 'Abuja', 'Delivered', 760),
('2023-07-07', 'Kano', 'Pending', 700),
('2023-07-08', 'Ibadan', 'Delivered', 610),
('2023-07-09', 'Enugu', 'Delivered', 750),
('2023-07-10', 'Kaduna', 'Delivered', 620),
('2023-07-11', 'Benin', 'Pending', 670),
('2023-07-12', 'Lagos', 'Delivered', 700),
('2023-07-13', 'Port Harcourt', 'Delivered', 720),
('2023-07-14', 'Abuja', 'Delivered', 800),
('2023-07-15', 'Kano', 'Delivered', 550),
('2023-07-16', 'Ibadan', 'Pending', 710),
('2023-07-17', 'Enugu', 'Delivered', 670),
('2023-07-18', 'Kaduna', 'Delivered', 640),
('2023-07-19', 'Benin', 'Delivered', 600),
('2023-07-20', 'Lagos', 'Delivered', 750),
('2023-07-21', 'Port Harcourt', 'Delivered', 580),
('2023-07-22', 'Abuja', 'Delivered', 820),
('2023-07-23', 'Kano', 'Delivered', 700),
('2023-07-24', 'Ibadan', 'Pending', 690),
('2023-07-25', 'Enugu', 'Delivered', 730),
('2023-07-26', 'Kaduna', 'Delivered', 620),
('2023-07-27', 'Benin', 'Delivered', 680),
('2023-07-28', 'Lagos', 'Pending', 700),
('2023-07-29', 'Port Harcourt', 'Delivered', 600),
('2023-07-30', 'Abuja', 'Delivered', 750),
('2023-07-31', 'Kano', 'Delivered', 770),
('2023-08-01', 'Ibadan', 'Delivered', 620),
('2023-08-02', 'Enugu', 'Delivered', 710),
('2023-08-03', 'Kaduna', 'Delivered', 600),
('2023-08-04', 'Benin', 'Delivered', 580),
('2023-08-05', 'Lagos', 'Pending', 720),
('2023-08-06', 'Port Harcourt', 'Delivered', 640),
('2023-08-06', 'Lagos', 'Delivered', 620),
('2023-08-07', 'Ibadan', 'Delivered', 640),
('2023-08-07', 'Lagos', 'Delivered', 680),
('2023-08-08', 'Abuja', 'Delivered', 740),
('2023-08-09', 'Kano', 'Pending', 620),
('2023-08-10', 'Ibadan', 'Delivered', 710),
('2023-08-11', 'Enugu', 'Delivered', 560),
('2023-08-12', 'Kaduna', 'Delivered', 690),
('2023-08-13', 'Benin', 'Delivered', 650),
('2023-08-14', 'Port Harcourt', 'Pending', 700),
('2023-08-15', 'Abuja', 'Delivered', 670),
('2023-08-16', 'Kano', 'Delivered', 580),
('2023-08-17', 'Ibadan', 'Delivered', 720),
('2023-08-18', 'Enugu', 'Delivered', 610),
('2023-08-19', 'Kaduna', 'Pending', 750),
('2023-08-20', 'Benin', 'Delivered', 590),
('2023-08-21', 'Lagos', 'Delivered', 800),
('2023-08-22', 'Port Harcourt', 'Delivered', 760),
('2023-08-23', 'Abuja', 'Delivered', 630),
('2023-08-24', 'Kano', 'Delivered', 700),
('2023-08-25', 'Ibadan', 'Pending', 740),
('2023-08-26', 'Enugu', 'Delivered', 650),
('2023-08-27', 'Kaduna', 'Delivered', 720),
('2023-08-28', 'Benin', 'Delivered', 680),
('2023-08-29', 'Lagos', 'Pending', 730),
('2023-08-30', 'Port Harcourt', 'Delivered', 770),
('2023-08-31', 'Abuja', 'Delivered', 690),
('2023-09-01', 'Kano', 'Delivered', 600),
('2023-09-02', 'Ibadan', 'Delivered', 740),
('2023-09-03', 'Enugu', 'Delivered', 620),
('2023-09-04', 'Kaduna', 'Delivered', 680),
('2023-09-05', 'Benin', 'Delivered', 570),
('2023-09-06', 'Lagos', 'Pending', 750),
('2023-09-07', 'Port Harcourt', 'Delivered', 700),
('2023-09-08', 'Abuja', 'Delivered', 640),
('2023-09-09', 'Kano', 'Delivered', 710),
('2023-09-10', 'Ibadan', 'Pending', 730),
('2023-09-11', 'Enugu', 'Delivered', 660),
('2023-09-12', 'Kaduna', 'Delivered', 670),
('2023-09-13', 'Benin', 'Delivered', 590),
('2023-09-14', 'Lagos', 'Delivered', 780),
('2023-09-15', 'Port Harcourt', 'Delivered', 720),
('2023-09-16', 'Abuja', 'Delivered', 700),
('2023-09-17', 'Kano', 'Pending', 760),
('2023-09-18', 'Ibadan', 'Delivered', 690),
('2023-09-19', 'Enugu', 'Delivered', 740),
('2023-09-20', 'Kaduna', 'Delivered', 620),
('2023-09-21', 'Benin', 'Delivered', 700),
('2023-09-22', 'Lagos', 'Delivered', 680),
('2023-09-23', 'Port Harcourt', 'Delivered', 760),
('2023-09-24', 'Abuja', 'Delivered', 640),
('2023-09-25', 'Kano', 'Delivered', 720);


INSERT INTO Deliveries (shipment_id, driver_id, vehicle_id, route_id, delivery_date, delivery_status) VALUES
(1, 1, 1, 2, '2023-05-02', 'Delivered'),
(2, 2, 2, 1, '2023-05-03', 'Delivered'),
(3, 3, 3, 3, '2023-05-04', 'Pending'),
(4, 4, 4, 2, '2023-05-05', 'Delivered'),
(5, 5, 5, 4, '2023-05-06', 'Delivered'),
(6, 6, 6, 6, '2023-05-07', 'Pending'),
(7, 7, 7, 5, '2023-05-08', 'Delivered'),
(8, 8, 8, 1, '2023-05-09', 'Delivered'),
(9, 9, 9, 7, '2023-05-10', 'Pending'),
(10, 10, 10, 1, '2023-05-11', 'Delivered'),
(11, 1, 1, 3, '2023-05-12', 'Delivered'),
(12, 2, 2, 2, '2023-05-13', 'Delivered'),
(13, 3, 3, 4, '2023-05-14', 'Pending'),
(14, 4, 4, 6, '2023-05-15', 'Delivered'),
(15, 5, 5, 5, '2023-05-16', 'Delivered'),
(16, 6, 6, 7, '2023-05-17', 'Pending'),
(17, 7, 7, 1, '2023-05-18', 'Delivered'),
(18, 8, 8, 3, '2023-05-19', 'Delivered'),
(19, 9, 9, 8, '2023-05-20', 'Delivered'),
(20, 10, 10, 2, '2023-05-21', 'Delivered'),
(21, 1, 1, 3, '2023-05-22', 'Delivered'),
(22, 2, 2, 1, '2023-05-23', 'Delivered'),
(23, 3, 3, 2, '2023-05-24', 'Pending'),
(24, 4, 4, 4, '2023-05-25', 'Delivered'),
(25, 5, 5, 5, '2023-05-26', 'Delivered'),
(26, 6, 6, 6, '2023-05-27', 'Delivered'),
(27, 7, 7, 7, '2023-05-28', 'Delivered'),
(28, 8, 8, 8, '2023-05-29', 'Pending'),
(29, 9, 9, 9, '2023-05-30', 'Delivered'),
(30, 10, 10, 10, '2023-05-31', 'Delivered'),
(31, 1, 1, 1, '2023-06-01', 'Delivered'),
(32, 2, 2, 2, '2023-06-02', 'Pending'),
(33, 3, 3, 3, '2023-06-03', 'Delivered'),
(34, 4, 4, 4, '2023-06-04', 'Delivered'),
(35, 5, 5, 5, '2023-06-05', 'Delivered'),
(36, 6, 6, 6, '2023-06-06', 'Pending'),
(37, 7, 7, 7, '2023-06-07', 'Delivered'),
(38, 8, 8, 8, '2023-06-08', 'Delivered'),
(39, 9, 9, 9, '2023-06-09', 'Delivered'),
(40, 10, 10, 10, '2023-06-10', 'Delivered'),
(41, 1, 1, 1, '2023-06-11', 'Delivered'),
(42, 2, 2, 2, '2023-06-12', 'Pending'),
(43, 3, 3, 3, '2023-06-13', 'Delivered'),
(44, 4, 4, 4, '2023-06-14', 'Delivered'),
(45, 5, 5, 5, '2023-06-15', 'Pending'),
(46, 6, 6, 6, '2023-06-16', 'Delivered'),
(47, 7, 7, 7, '2023-06-17', 'Delivered'),
(48, 8, 8, 8, '2023-06-18', 'Delivered'),
(49, 9, 9, 9, '2023-06-19', 'Delivered'),
(50, 10, 10, 10, '2023-06-20', 'Delivered'),
(51, 1, 1, 1, '2023-06-21', 'Delivered'),
(52, 2, 2, 2, '2023-06-22', 'Delivered'),
(53, 3, 3, 3, '2023-06-23', 'Pending'),
(54, 4, 4, 4, '2023-06-24', 'Delivered'),
(55, 5, 5, 5, '2023-06-25', 'Delivered'),
(56, 6, 6, 6, '2023-06-26', 'Pending'),
(57, 7, 7, 7, '2023-06-27', 'Delivered'),
(58, 8, 8, 8, '2023-06-28', 'Delivered'),
(59, 9, 9, 9, '2023-06-29', 'Delivered'),
(60, 10, 10, 10, '2023-06-30', 'Delivered'),
(61, 1, 1, 1, '2023-07-01', 'Delivered'),
(62, 2, 2, 2, '2023-07-02', 'Delivered'),
(63, 3, 3, 3, '2023-07-03', 'Pending'),
(64, 4, 4, 4, '2023-07-04', 'Delivered'),
(65, 5, 5, 5, '2023-07-05', 'Delivered'),
(66, 6, 6, 6, '2023-07-06', 'Delivered'),
(67, 7, 7, 7, '2023-07-07', 'Pending'),
(68, 8, 8, 8, '2023-07-08', 'Delivered'),
(69, 9, 9, 9, '2023-07-09', 'Delivered'),
(70, 10, 10, 10, '2023-07-10', 'Delivered'),
(71, 1, 1, 1, '2023-07-11', 'Delivered'),
(72, 2, 2, 2, '2023-07-12', 'Pending'),
(73, 3, 3, 3, '2023-07-13', 'Delivered'),
(74, 4, 4, 4, '2023-07-14', 'Delivered'),
(75, 5, 5, 5, '2023-07-15', 'Pending'),
(76, 6, 6, 6, '2023-07-16', 'Delivered'),
(77, 7, 7, 7, '2023-07-17', 'Delivered'),
(78, 8, 8, 8, '2023-07-18', 'Delivered'),
(79, 9, 9, 9, '2023-07-19', 'Delivered'),
(80, 10, 10, 10, '2023-07-20', 'Delivered'),
(81, 1, 1, 1, '2023-07-21', 'Delivered'),
(82, 2, 2, 2, '2023-07-22', 'Delivered'),
(83, 3, 3, 3, '2023-07-23', 'Delivered'),
(84, 4, 4, 4, '2023-07-24', 'Pending'),
(85, 5, 5, 5, '2023-07-25', 'Delivered'),
(86, 6, 6, 6, '2023-07-26', 'Delivered'),
(87, 7, 7, 7, '2023-07-27', 'Delivered'),
(88, 8, 8, 8, '2023-07-28', 'Pending'),
(89, 9, 9, 9, '2023-07-29', 'Delivered'),
(90, 10, 10, 10, '2023-07-30', 'Delivered'),
(91, 1, 1, 1, '2023-07-31', 'Delivered'),
(92, 2, 2, 2, '2023-08-01', 'Delivered'),
(93, 3, 3, 3, '2023-08-02', 'Delivered'),
(94, 4, 4, 4, '2023-08-03', 'Delivered'),
(95, 5, 5, 5, '2023-08-04', 'Delivered'),
(96, 6, 6, 6, '2023-08-05', 'Pending'),
(97, 7, 7, 7, '2023-08-06', 'Delivered'),
(98, 8, 8, 8, '2023-08-07', 'Delivered'),
(99, 9, 9, 9, '2023-08-08', 'Delivered'),
(100, 10, 10, 10, '2023-08-09', 'Delivered'),
(101, 1, 1, 1, '2023-08-08', 'Delivered'),
(102, 2, 2, 2, '2023-08-09', 'Delivered'),
(103, 3, 3, 3, '2023-08-10', 'Pending'),
(104, 4, 4, 4, '2023-08-11', 'Delivered'),
(105, 5, 5, 5, '2023-08-12', 'Delivered'),
(106, 6, 6, 6, '2023-08-13', 'Delivered'),
(107, 7, 7, 7, '2023-08-14', 'Delivered'),
(108, 8, 8, 8, '2023-08-15', 'Pending'),
(109, 9, 9, 9, '2023-08-16', 'Delivered'),
(110, 10, 10, 10, '2023-08-17', 'Delivered'),
(111, 1, 1, 1, '2023-08-18', 'Delivered'),
(112, 2, 2, 2, '2023-08-19', 'Delivered'),
(113, 3, 3, 3, '2023-08-20', 'Pending'),
(114, 4, 4, 4, '2023-08-21', 'Delivered'),
(115, 5, 5, 5, '2023-08-22', 'Delivered'),
(116, 6, 6, 6, '2023-08-23', 'Delivered'),
(117, 7, 7, 7, '2023-08-24', 'Pending'),
(118, 8, 8, 8, '2023-08-25', 'Delivered'),
(119, 9, 9, 9, '2023-08-26', 'Delivered'),
(120, 10, 10, 10, '2023-08-27', 'Delivered'),
(121, 1, 1, 1, '2023-08-28', 'Delivered'),
(122, 2, 2, 2, '2023-08-29', 'Delivered'),
(123, 3, 3, 3, '2023-08-30', 'Pending'),
(124, 4, 4, 4, '2023-08-31', 'Delivered'),
(125, 5, 5, 5, '2023-09-01', 'Delivered'),
(126, 6, 6, 6, '2023-09-02', 'Delivered'),
(127, 7, 7, 7, '2023-09-03', 'Delivered'),
(128, 8, 8, 8, '2023-09-04', 'Pending'),
(129, 9, 9, 9, '2023-09-05', 'Delivered'),
(130, 10, 10, 10, '2023-09-06', 'Delivered'),
(131, 1, 1, 1, '2023-09-07', 'Delivered'),
(132, 2, 2, 2, '2023-09-08', 'Delivered'),
(133, 3, 3, 3, '2023-09-09', 'Delivered'),
(134, 4, 4, 4, '2023-09-10', 'Delivered'),
(135, 5, 5, 5, '2023-09-11', 'Pending'),
(136, 6, 6, 6, '2023-09-12', 'Delivered'),
(137, 7, 7, 7, '2023-09-13', 'Delivered'),
(138, 8, 8, 8, '2023-09-14', 'Delivered'),
(139, 9, 9, 9, '2023-09-15', 'Delivered'),
(140, 10, 10, 10, '2023-09-16', 'Delivered'),
(141, 1, 1, 1, '2023-09-17', 'Pending'),
(142, 2, 2, 2, '2023-09-18', 'Delivered'),
(143, 3, 3, 3, '2023-09-19', 'Delivered'),
(144, 4, 4, 4, '2023-09-20', 'Delivered'),
(145, 5, 5, 5, '2023-09-21', 'Delivered'),
(146, 6, 6, 6, '2023-09-22', 'Delivered'),
(147, 7, 7, 7, '2023-09-23', 'Delivered'),
(148, 8, 8, 8, '2023-09-24', 'Delivered'),
(149, 9, 9, 9, '2023-09-25', 'Delivered'),
(150, 10, 10, 10, '2023-09-26', 'Delivered');

SELECT * FROM Shipments;
SELECT * FROM Deliveries;

